Domain,Status,Attractiveness,Demand,Length,Sectors,Created,Expires,Registrar
one.press,available,132,44%,3,"Business,General,Media,Technology",,,
brief.press,available,124,19%,5,"Business,Education,General,Law",,,
complete.press,available,120,21%,8,"Manufacturing,Retail,Technology",,,
wizard.press,available,118,42%,6,"Entertainment,Media,Technology",,,
flat.press,available,116,24%,4,"Construction,Real Estate",,,
equal.press,available,116,19%,5,"Education,General,Law",,,
tonic.press,available,114,22%,5,"Health and Fitness,Medicine,Science",,,
acute.press,available,112,9%,5,"Mathematics,Medicine,Science",,,
zero.press,available,112,49%,4,Mathematics,,,
hotshot.press,available,112,14%,7,"Business,Entertainment,Sports",,,
above.press,available,112,22%,5,Business,,,
abstract.press,expired,108,29%,8,"Arts,Humanities,Science",06/07/2024 08:08,06/07/2025 23:59,"Regional Network Information Center, JSC dba RU-CENTER"
abiding.press,available,106,5%,7,"General,Religion",,,
active.press,available,104,27%,6,"Health and Fitness,Sports,Travel",,,
expert.press,available,104,26%,6,"Business,Education,Technology",,,
teen.press,available,104,14%,4,"Education,Entertainment,Healthcare",,,
extra.press,available,102,26%,5,"Fashion,Retail,Technology",,,
absent.press,available,102,8%,6,"Business,Education,Technology",,,
eight.press,available,102,23%,5,"General,Mathematics",,,
captive.press,available,102,14%,7,"Entertainment,Hospitality,Technology",,,
adjunct.press,available,100,5%,7,Education,,,
sixth.press,available,100,8%,5,Mathematics,,,
third.press,available,100,16%,5,Mathematics,,,
whiz.press,available,100,12%,4,"Business,Education,Technology",,,
eighth.press,available,100,6%,6,Mathematics,,,
abrupt.press,available,100,3%,6,"Medicine,Science",,,
crack.press,available,100,20%,5,Sports,,,
ninth.press,available,100,9%,5,Mathematics,,,
remove.press,available,100,13%,6,"Construction,Manufacturing,Technology",,,
whizz.press,available,98,11%,5,"Business,Education,Technology",,,
genius.press,available,98,46%,6,"Arts,Education,Technology",,,
actual.press,expired,96,22%,6,"Real Estate,Retail,Technology",02/07/2024 15:03,02/07/2025 23:59,"Regional Network Information Center, JSC dba RU-CENTER"
academic.press,available,96,20%,8,"Education,Humanities,Science",,,
forgiving.press,available,96,3%,9,"Healthcare,Religion",,,
doable.press,available,96,9%,6,"Business,Education,Technology",,,
alamode.press,available,96,12%,9,Fashion,,,
abject.press,available,94,7%,6,Humanities,,,
adequate.press,available,94,9%,8,"Education,Healthcare,Technology",,,
virtuoso.press,available,94,16%,8,"Arts,Entertainment",,,
about.press,available,94,28%,5,"Business,General,Media,Technology",,,
around.press,available,94,22%,6,"Business,General,Media,Technology",,,
exemplary.press,available,92,5%,9,"Business,Education,Healthcare",,,
abroad.press,available,92,12%,6,"Hospitality,Travel",,,
derelict.press,available,92,7%,8,"Construction,Real Estate",,,
adjective.press,available,92,5%,9,Education,,,
next.press,expiring,92,43%,4,"Retail,Technology,Transportation",18/09/2014 16:04,18/09/2025 23:59,CSC Corporate Domains Inc.
adept.press,available,92,24%,5,"Education,Health and Fitness,Sports",,,
neutral.press,available,92,20%,7,"Business,Media,Politics",,,
nought.press,available,92,4%,6,Mathematics,,,
twentieth.press,available,92,3%,9,Mathematics,,,
adoring.press,available,90,2%,7,"Entertainment,Fashion,Retail",,,
abortive.press,available,90,1%,8,"Medicine,Science",,,
riveting.press,available,90,6%,8,"Entertainment,Media,Technology",,,
endearing.press,available,90,1%,9,"Entertainment,Fashion,Retail",,,
gripping.press,available,90,3%,8,"Entertainment,Media,Technology",,,
additional.press,available,90,8%,10,"Fashion,Retail,Technology",,,
clear.press,available,90,47%,5,"Manufacturing,Retail,Technology",,,
addictive.press,available,90,9%,9,Healthcare,,,
leash.press,available,90,7%,5,"General,Health and Fitness,Retail",,,
ace.press,available,88,34%,3,Sports,,,
sixteen.press,available,88,11%,7,Mathematics,,,
fifteen.press,available,88,13%,7,Mathematics,,,
eleven.press,available,88,33%,6,Mathematics,,,
twelve.press,available,88,18%,6,"General,Mathematics",,,
three.press,available,88,24%,5,Mathematics,,,
ten.press,available,88,28%,3,"General,Mathematics",,,
adlib.press,available,88,7%,6,Entertainment,,,
activist.press,available,88,12%,8,"Humanities,Politics",,,
wide.press,available,88,18%,4,"Business,Media,Technology",,,
actionable.press,available,88,13%,10,"Business,Law",,,
hundred.press,available,88,14%,7,Mathematics,,,
proficient.press,available,88,8%,10,"Education,Health and Fitness,Sports",,,
star.press,available,86,40%,4,"Entertainment,Media,Sports",,,
attendant.press,available,86,5%,9,"Healthcare,Hospitality,Transportation",,,
adolescent.press,available,86,3%,10,"Education,Entertainment,Healthcare",,,
aboriginal.press,available,86,10%,10,Humanities,,,
recondite.press,available,86,4%,9,"Arts,Humanities,Science",,,
extempore.press,available,86,3%,9,Entertainment,,,
xiv.press,available,86,12%,3,Mathematics,,,
xix.press,available,86,11%,3,Mathematics,,,
engrossing.press,available,86,0%,10,"Entertainment,Media,Technology",,,
cipher.press,available,86,29%,6,Mathematics,,,
thirteen.press,available,84,10%,8,Mathematics,,,
twentyone.press,available,84,13%,10,Mathematics,,,
accessory.press,available,84,8%,9,"Fashion,Retail,Technology",,,
thousand.press,available,84,8%,8,Mathematics,,,
twentytwo.press,available,84,11%,10,Mathematics,,,
deviate.press,available,84,12%,7,"Medicine,Science",,,
grand.press,available,84,25%,5,"Finance,General",,,
acting.press,available,84,12%,6,Entertainment,,,
seventeen.press,available,84,7%,9,Mathematics,,,
fourteen.press,available,84,8%,8,Mathematics,,,
nineteen.press,available,84,8%,8,Mathematics,,,
sharp.press,available,84,34%,5,"Arts,Fashion",,,
adjustable.press,available,84,3%,10,"Manufacturing,Retail,Technology",,,
good.press,available,82,47%,4,"Food and Beverage,General,Health and Fitness,Retail",,,
abroach.press,available,82,1%,7,Food and Beverage,,,
abdominal.press,available,82,1%,9,"Health and Fitness,Medicine",,,
cleansing.press,available,82,3%,9,Health and Fitness,,,
dozen.press,available,82,10%,5,Mathematics,,,
abkhaz.press,available,82,1%,6,Geography,,,
altered.press,available,82,9%,7,"Medicine,Science",,,
enduring.press,available,82,9%,8,"Health and Fitness,Religion",,,
abenaki.press,available,82,2%,7,Geography,,,
absorbent.press,available,82,3%,9,"Healthcare,Manufacturing,Retail",,,
decade.press,available,82,10%,6,Mathematics,,,
yard.press,available,80,26%,4,"Construction,General",,,
able.press,available,80,29%,4,"Business,Education,General,Technology",,,
forty.press,available,80,9%,5,Mathematics,,,
trio.press,available,80,21%,4,Entertainment,,,
absolute.press,available,80,25%,8,"Engineering,Mathematics,Science",,,
wiz.press,available,80,30%,3,"Business,Education,Technology",,,
capable.press,available,80,12%,7,"Business,Education,Technology",,,
absorbable.press,available,80,0%,10,"Healthcare,Pharmaceuticals,Science",,,
two.press,available,80,24%,3,Mathematics,,,
seventh.press,available,80,10%,7,Mathematics,,,
dorsal.press,available,80,6%,6,"Medicine,Science",,,
absurd.press,available,80,16%,6,"Arts,Entertainment,Media",,,
some.press,available,80,32%,4,"Business,Media,Retail",,,
nine.press,available,80,24%,4,"General,Mathematics",,,
superstar.press,available,80,18%,9,Entertainment,,,
worshipful.press,available,80,1%,10,"Education,Healthcare,Religion",,,
twenty.press,available,80,12%,6,Mathematics,,,
sequent.press,available,80,7%,7,"Healthcare,Insurance,Transportation",,,
adoptable.press,available,80,3%,9,"Education,Healthcare",,,
accepted.press,available,78,6%,8,"Business,Education,Technology",,,
low.press,available,78,20%,3,"Business,Finance",,,
abkhazian.press,available,78,1%,9,Geography,,,
abkhasian.press,available,78,1%,9,Geography,,,
dormant.press,available,78,4%,7,"Medicine,Science",,,
abounding.press,available,78,2%,9,Agriculture,,,
acceptant.press,available,78,1%,9,"Education,Healthcare",,,
adjacent.press,available,78,9%,8,"Construction,Real Estate,Retail",,,
accidental.press,available,78,11%,10,"Healthcare,Insurance,Transportation",,,
adrenal.press,available,78,4%,7,"Education,Healthcare,Science",,,
accurate.press,expired,78,16%,8,"Engineering,Mathematics,Science",04/07/2024 12:18,04/07/2025 23:59,"Regional Network Information Center, JSC dba RU-CENTER"
adorable.press,available,78,8%,8,"Entertainment,Fashion,Retail",,,
recognised.press,available,78,3%,10,"Business,Education,Technology",,,
honestly.press,available,78,9%,8,"Business,Law",,,
absorptive.press,available,78,1%,10,"Healthcare,Manufacturing,Retail",,,
sixtynine.press,available,78,8%,10,Mathematics,,,
twentysix.press,available,78,8%,10,Mathematics,,,
athletic.press,available,78,15%,8,"Health and Fitness,Sports",,,
recognized.press,available,78,3%,10,"Business,Education,Technology",,,
acceptable.press,available,78,5%,10,"Business,Hospitality,Retail",,,
improvise.press,available,76,4%,9,Entertainment,,,
eighteen.press,available,76,7%,8,Mathematics,,,
ague.press,available,76,2%,4,"Geography,Medicine,Science",,,
hundredth.press,available,76,1%,9,Mathematics,,,
incidental.press,available,76,4%,10,"Healthcare,Insurance,Transportation",,,
addable.press,available,76,2%,7,"Engineering,Mathematics,Science",,,
obscene.press,available,76,5%,7,"Entertainment,Media",,,
fourteenth.press,available,76,1%,10,Mathematics,,,
auxiliary.press,available,76,7%,9,"Healthcare,Manufacturing,Technology",,,
thousandth.press,available,76,1%,10,Mathematics,,,
abrasive.press,available,76,6%,8,"Construction,Manufacturing",,,
firstrate.press,available,76,6%,10,Business,,,
energizing.press,available,76,3%,10,"Food and Beverage,Health and Fitness,Travel",,,
adaptive.press,expired,76,28%,8,"Business,Education,Technology",05/07/2024 12:49,05/07/2025 23:59,"Regional Network Information Center, JSC dba RU-CENTER"
nineteenth.press,available,76,3%,10,Mathematics,,,
threed.press,available,76,7%,7,Technology,,,
acoustic.press,available,76,14%,8,Science,,,
thirteenth.press,available,76,4%,10,Mathematics,,,
ancillary.press,available,76,6%,9,"Healthcare,Manufacturing,Technology",,,
adaptable.press,available,76,9%,9,"Business,Education,Technology",,,
fifteenth.press,available,76,2%,9,Mathematics,,,
diamond.press,available,76,32%,7,Fashion,,,
adhesive.press,available,76,7%,8,"Construction,Manufacturing,Technology",,,
resultant.press,available,76,2%,9,"Healthcare,Insurance,Transportation",,,
adipose.press,available,76,2%,7,"Healthcare,Science",,,
adherent.press,available,76,4%,8,"Politics,Religion",,,
ventral.press,available,76,3%,7,Science,,,
broad.press,available,74,13%,5,"Entertainment,General,Media",,,
sensation.press,available,74,7%,9,"Entertainment,Media,Sports",,,
playing.press,available,74,12%,7,Entertainment,,,
realizable.press,available,74,1%,10,"Business,Education,Technology",,,
admirable.press,available,74,5%,9,"Business,Education,Healthcare",,,
adapted.press,available,74,6%,7,"Healthcare,Manufacturing,Technology",,,
adamant.press,available,74,14%,7,Religion,,,
acuate.press,available,74,2%,6,"Engineering,Medicine,Science",,,
adenoid.press,available,74,1%,7,"Health and Fitness,Medicine,Science",,,
cleared.press,available,74,7%,7,"Healthcare,Law,Transportation",,,
mavin.press,available,74,7%,5,"Entertainment,Fashion,Technology",,,
skilful.press,available,74,3%,7,"Education,Health and Fitness,Sports",,,
adrenergic.press,available,74,1%,10,"Education,Healthcare,Science",,,
single.press,available,74,19%,6,Sports,,,
achievable.press,available,74,4%,10,"Business,Education,Technology",,,
manageable.press,available,74,4%,10,"Business,Education,Technology",,,
aberrant.press,available,74,6%,8,"Medicine,Science",,,
activated.press,available,74,9%,9,"Healthcare,Manufacturing,Technology",,,
abnormal.press,available,74,16%,8,"Medicine,Science",,,
accepting.press,available,74,3%,9,"Education,Healthcare",,,
sixtieth.press,available,72,1%,8,Mathematics,,,
accusative.press,available,72,0%,10,"Humanities,Law",,,
adaptative.press,available,72,1%,10,"Business,Education,Technology",,,
addicted.press,available,72,9%,8,Healthcare,,,
improvize.press,available,72,1%,9,Entertainment,,,
ninetieth.press,available,72,1%,9,Mathematics,,,
accustomed.press,available,72,1%,10,"Business,Education,Humanities",,,
ablaze.press,available,72,6%,6,Entertainment,,,
aching.press,available,72,4%,6,Healthcare,,,
trey.press,available,72,14%,4,Sports,,,
absolutist.press,available,72,1%,10,"Humanities,Law,Politics",,,
adjectival.press,available,72,1%,10,Education,,,
adonic.press,available,72,2%,6,"Arts,Education,Entertainment",,,
absorbed.press,available,72,2%,8,"Entertainment,Media,Technology",,,
deep.press,available,72,41%,4,"Engineering,Mathematics,Science",,,
abreast.press,available,72,2%,7,"Business,Technology",,,
existent.press,available,72,3%,8,"Mathematics,Science",,,
lovely.press,available,72,26%,6,"Entertainment,Fashion,Retail",,,
eightieth.press,available,72,1%,9,Mathematics,,,
champion.press,available,72,28%,8,"Entertainment,Health and Fitness,Sports",,,
abloom.press,available,72,5%,6,Agriculture,,,
adiabatic.press,available,72,3%,9,"Engineering,Science",,,
trinity.press,available,72,18%,7,Religion,,,
seventieth.press,available,72,1%,10,Mathematics,,,
ternary.press,available,72,7%,7,Mathematics,,,
engrossed.press,available,72,1%,9,"Entertainment,Media,Technology",,,
adjunctive.press,available,72,1%,10,"Healthcare,Manufacturing,Technology",,,
liv.press,available,72,27%,3,Mathematics,,,
adored.press,available,70,6%,6,"Entertainment,Fashion,Retail",,,
adamantine.press,available,70,4%,10,Religion,,,
tiptop.press,available,70,24%,6,Fashion,,,
unity.press,available,70,40%,5,Mathematics,,,
consequent.press,available,70,3%,10,"Business,Education,General,Technology",,,
admired.press,available,70,5%,7,"Business,Education,Healthcare",,,
gymnastic.press,available,70,3%,9,"Entertainment,Sports",,,
stillborn.press,available,70,2%,9,"Medicine,Science",,,
acuminate.press,available,70,1%,9,"Engineering,Medicine,Science",,,
recumbent.press,available,70,2%,9,"Healthcare,Medicine,Science",,,
accumbent.press,available,70,1%,9,"Healthcare,Medicine,Science",,,
lowdown.press,available,70,6%,8,"Entertainment,Media",,,
abulic.press,available,70,1%,6,Medicine,,,
offhand.press,available,70,2%,7,Entertainment,,,
skillful.press,available,70,9%,8,"Education,Health and Fitness,Sports",,,
practiced.press,available,70,3%,9,"Education,Health and Fitness,Sports",,,
miserable.press,available,70,4%,9,Humanities,,,
absorbing.press,available,70,3%,9,"Entertainment,Media,Technology",,,
abradant.press,available,70,1%,8,"Construction,Manufacturing",,,
adjusted.press,available,70,5%,8,"Manufacturing,Retail,Technology",,,
stygian.press,available,68,5%,7,Humanities,,,
licenced.press,available,68,2%,8,"Business,Healthcare,Insurance",,,
acerate.press,available,68,1%,7,Science,,,
sevener.press,available,68,1%,7,Mathematics,,,
octonary.press,available,68,1%,8,Mathematics,,,
aberdonian.press,available,68,1%,10,Geography,,,
abkhas.press,available,68,0%,6,Geography,,,
thirtieth.press,available,68,1%,9,Mathematics,,,
aroused.press,available,68,3%,7,"Entertainment,Health and Fitness",,,
abducent.press,available,68,0%,8,Medicine,,,
fortieth.press,available,68,0%,8,Mathematics,,,
licensed.press,available,68,5%,8,"Business,Healthcare,Insurance",,,
achaian.press,available,68,2%,7,Humanities,,,
abnaki.press,available,68,1%,6,Geography,,,
scurvy.press,available,68,3%,6,Humanities,,,
ane.press,available,68,12%,3,Mathematics,,,
vindicated.press,available,68,2%,10,"Humanities,Law,Politics",,,
ablative.press,available,68,3%,8,Science,,,
accredited.press,available,68,9%,10,"Business,Education,Healthcare",,,
achaean.press,available,68,2%,7,Humanities,,,
activating.press,available,68,3%,10,"Healthcare,Manufacturing,Technology",,,
fiftieth.press,available,68,0%,8,Mathematics,,,
ennead.press,available,68,5%,6,Mathematics,,,
foursome.press,available,68,4%,8,Sports,,,
overseas.press,available,68,12%,8,"Hospitality,Travel",,,
septenary.press,available,68,1%,9,Mathematics,,,
threesome.press,available,68,5%,9,Entertainment,,,
decorated.press,available,68,3%,9,"Entertainment,Fashion,Retail",,,
aculeate.press,available,68,1%,8,"Engineering,Medicine,Science",,,
buzzing.press,available,66,7%,7,"Entertainment,Media,Technology",,,
fifty.press,available,66,12%,5,Mathematics,,,
xii.press,available,66,10%,3,Mathematics,,,
acervate.press,available,66,1%,8,Science,,,
xxv.press,available,66,6%,3,Mathematics,,,
century.press,available,66,17%,7,Education,,,
four.press,available,66,27%,4,Mathematics,,,
deuce.press,available,66,9%,5,Sports,,,
clv.press,available,66,10%,3,Mathematics,,,
adorned.press,available,66,5%,7,"Entertainment,Fashion,Retail",,,
maven.press,expired,66,30%,5,"Entertainment,Fashion,Technology",14/07/2024 08:43,14/07/2025 23:59,"Regional Network Information Center, JSC dba RU-CENTER"
eighty.press,available,66,6%,6,Mathematics,,,
xvi.press,available,66,5%,3,Mathematics,,,
xiii.press,available,66,9%,4,Mathematics,,,
acrobatic.press,available,66,4%,9,"Entertainment,Sports",,,
modish.press,available,66,5%,6,Fashion,,,
according.press,available,66,3%,9,"Business,Education,Technology",,,
teenager.press,available,66,4%,8,"Education,Entertainment,Healthcare",,,
performing.press,available,66,6%,10,Entertainment,,,
xxi.press,available,66,10%,3,Mathematics,,,
acappella.press,available,66,6%,10,Entertainment,,,
sextet.press,available,66,1%,6,Entertainment,,,
thirty.press,available,66,8%,6,Mathematics,,,
five.press,available,66,26%,4,Mathematics,,,
xxii.press,available,66,6%,4,Mathematics,,,
accessary.press,available,66,1%,9,"Business,Law,Technology",,,
latest.press,available,66,18%,6,Technology,,,
onec.press,available,66,6%,5,Mathematics,,,
xxvi.press,available,66,3%,4,Mathematics,,,
exonerated.press,available,66,2%,10,"Humanities,Law,Politics",,,
six.press,available,66,26%,3,Mathematics,,,
abstinent.press,available,66,1%,9,"Health and Fitness,Religion",,,
ninety.press,available,66,11%,6,Mathematics,,,
adopted.press,available,66,4%,7,"Education,Healthcare",,,
xviii.press,available,66,5%,5,Mathematics,,,
xvii.press,available,66,5%,4,Mathematics,,,
tenner.press,available,66,5%,6,Finance,,,
accordant.press,available,64,3%,9,"Arts,Entertainment",,,
absolved.press,available,64,1%,8,"Humanities,Law,Religion",,,
nondrinker.press,available,64,1%,10,"Health and Fitness,Religion",,,
ccc.press,available,64,38%,3,Mathematics,,,
scatty.press,available,64,1%,6,"Arts,Entertainment,Media",,,
aflame.press,available,64,3%,6,Entertainment,,,
rising.press,available,64,18%,6,"Construction,Manufacturing,Real Estate",,,
astringent.press,available,64,1%,10,"Healthcare,Pharmaceuticals",,,
deviant.press,available,64,12%,7,"Medicine,Science",,,
adagio.press,available,64,14%,6,Entertainment,,,
acentric.press,available,64,2%,8,Science,,,
pungent.press,available,62,1%,7,Food and Beverage,,,
wrapped.press,available,62,13%,7,"Fashion,Hospitality,Retail",,,
fortyfour.press,available,62,6%,10,Mathematics,,,
acidic.press,available,62,5%,6,"Food and Beverage,Science",,,
activation.press,available,62,16%,10,"Healthcare,Manufacturing,Technology",,,
eleventh.press,available,62,5%,8,Mathematics,,,
nail.press,available,62,16%,4,"Construction,Fashion,General,Retail",,,
chiliad.press,available,62,2%,7,Mathematics,,,
activistic.press,available,62,1%,10,"Humanities,Politics",,,
cumulative.press,available,62,2%,10,"Banking,Finance,Insurance",,,
longdozen.press,available,62,2%,10,Mathematics,,,
exculpated.press,available,62,1%,10,"Humanities,Law,Politics",,,
sixteenth.press,available,62,1%,9,Mathematics,,,
twodozen.press,available,62,1%,9,Mathematics,,,
quartet.press,available,62,7%,7,"Arts,Entertainment",,,
aufait.press,available,62,3%,7,"Fashion,Media",,,
adjuvant.press,available,62,5%,8,"Healthcare,Manufacturing,Technology",,,
ensuant.press,available,62,1%,7,"Healthcare,Insurance,Transportation",,,
adoptive.press,available,62,1%,8,"Education,Healthcare",,,
abo.press,available,62,15%,3,Science,,,
aborigine.press,available,62,1%,9,Humanities,,,
accrued.press,available,62,2%,7,"Banking,Finance,Insurance",,,
admissible.press,available,62,1%,10,"Education,Healthcare,Law",,,
orso.press,available,62,9%,5,"Business,Media,Technology",,,
eighteenth.press,available,62,1%,10,Mathematics,,,
roughly.press,available,62,3%,7,"Business,Media,Technology",,,
playacting.press,available,62,1%,10,Entertainment,,,
accusing.press,available,62,1%,8,Law,,,
cxxx.press,available,60,4%,4,Mathematics,,,
cxxv.press,available,60,1%,4,Mathematics,,,
tertiary.press,available,60,4%,8,Education,,,
acceptive.press,available,60,1%,9,"Education,Healthcare",,,
adnate.press,available,60,1%,6,"Agriculture,Manufacturing,Retail",,,
cxlv.press,available,60,2%,4,Mathematics,,,
cautionary.press,available,60,1%,10,"Business,Education,Healthcare",,,
idolized.press,available,60,3%,8,"Entertainment,Fashion,Retail",,,
annexal.press,available,60,1%,7,"Agriculture,Manufacturing,Retail",,,
abstemious.press,available,60,0%,10,"Food and Beverage,Health and Fitness,Hospitality",,,
idolised.press,available,60,1%,8,"Entertainment,Fashion,Retail",,,
cxx.press,available,60,10%,3,Mathematics,,,
clxv.press,available,60,1%,4,Mathematics,,,
cxv.press,available,60,4%,3,Mathematics,,,
sixty.press,available,60,13%,5,Mathematics,,,
thou.press,available,60,7%,4,Mathematics,,,
aboveboard.press,available,60,5%,10,"Business,Law",,,
paunchy.press,available,60,0%,7,"Health and Fitness,Medicine",,,
eightysix.press,available,60,7%,10,Mathematics,,,
abstainer.press,available,60,0%,9,"Health and Fitness,Religion",,,
adnexal.press,available,60,1%,7,"Agriculture,Manufacturing,Retail",,,
clx.press,available,60,10%,3,Mathematics,,,
cxl.press,available,60,7%,3,Mathematics,,,
cxxxv.press,available,60,2%,5,Mathematics,,,
abashed.press,available,60,1%,7,Humanities,,,
xcl.press,available,60,5%,3,Mathematics,,,
clxxx.press,available,60,1%,5,Mathematics,,,
clxx.press,available,60,3%,4,Mathematics,,,
clxxv.press,available,60,1%,5,Mathematics,,,
octet.press,available,60,12%,5,Arts,,,
tercet.press,available,59,2%,6,"Arts,Entertainment,Media",,,
abridged.press,available,58,4%,8,Media,,,
tetrad.press,available,58,5%,6,Mathematics,,,
seventy.press,available,58,7%,7,Mathematics,,,
seven.press,available,58,36%,5,Mathematics,,,
aucourant.press,available,58,3%,10,"Fashion,Media",,,
lxxviii.press,available,58,1%,7,Mathematics,,,
niner.press,available,58,5%,5,Mathematics,,,
twelfth.press,available,58,2%,7,Mathematics,,,
abused.press,available,58,5%,6,"Healthcare,Law",,,
pentad.press,available,58,2%,6,Mathematics,,,
acyclic.press,available,58,4%,7,"Engineering,Mathematics,Science",,,
abuzz.press,available,58,5%,5,"Entertainment,Media,Technology",,,
lxxx.press,available,58,2%,4,Mathematics,,,
addressed.press,available,58,3%,9,"Business,Technology,Telecommunications",,,
ache.press,available,58,7%,4,Healthcare,,,
linear.press,available,58,22%,6,"Engineering,Mathematics,Science",,,
sextuplet.press,available,58,1%,9,Healthcare,,,
sixer.press,available,58,5%,5,Sports,,,
enwrapped.press,available,58,0%,9,"Entertainment,Fashion,Media",,,
actuarial.press,available,58,8%,9,"Finance,Insurance,Mathematics",,,
octad.press,available,58,5%,5,Mathematics,,,
alacarte.press,available,58,11%,10,Food and Beverage,,,
fourth.press,available,58,13%,6,Mathematics,,,
fifth.press,available,58,12%,5,Mathematics,,,
quintet.press,available,58,8%,7,"Arts,Entertainment",,,
abandoned.press,available,58,10%,9,"Construction,Real Estate",,,
addible.press,available,58,2%,7,"Engineering,Mathematics,Science",,,
accented.press,available,58,3%,8,"Arts,Entertainment",,,
super.press,available,58,47%,5,Business,,,
fourscore.press,available,58,4%,9,Mathematics,,,
heptad.press,available,58,1%,6,Mathematics,,,
centesimal.press,available,58,1%,10,Mathematics,,,
sixtyone.press,available,58,3%,9,Mathematics,,,
offhanded.press,available,58,1%,9,Entertainment,,,
closeto.press,available,58,3%,8,"Business,Media,Technology",,,
eighter.press,available,58,2%,7,Mathematics,,,
accretive.press,available,58,6%,9,"Banking,Finance,Insurance",,,
accoutred.press,available,58,1%,9,"Fashion,Manufacturing,Retail",,,
adient.press,available,58,4%,6,"Medicine,Science",,,
adjustive.press,available,58,1%,9,"Manufacturing,Retail,Technology",,,
acetic.press,available,58,1%,6,"Food and Beverage,Science",,,
justabout.press,available,58,3%,10,"Business,Media,Technology",,,
hexad.press,available,58,4%,5,Mathematics,,,
liii.press,available,56,4%,4,Mathematics,,,
lviii.press,available,56,1%,5,Mathematics,,,
abeyant.press,available,56,1%,7,"Business,Law",,,
xxviii.press,available,56,1%,6,Mathematics,,,
xxxiii.press,available,56,2%,6,Mathematics,,,
aone.press,expired,56,15%,5,Food and Beverage,07/07/2024 08:28,07/07/2025 23:59,"Regional Network Information Center, JSC dba RU-CENTER"
thirtysix.press,available,56,5%,10,Mathematics,,,
xxxii.press,available,56,1%,5,Mathematics,,,
thirtyone.press,available,56,5%,10,Mathematics,,,
xxxi.press,available,56,9%,4,Mathematics,,,
xliii.press,available,56,1%,5,Mathematics,,,
ilx.press,available,56,5%,3,Mathematics,,,
xxxv.press,available,56,4%,4,Mathematics,,,
xxxvi.press,available,56,1%,5,Mathematics,,,
fiftytwo.press,available,56,6%,9,Mathematics,,,
fiftysix.press,available,56,4%,9,Mathematics,,,
maledict.press,available,56,1%,8,Religion,,,
xlvi.press,available,56,3%,4,Mathematics,,,
lvii.press,available,56,1%,4,Mathematics,,,
fortynine.press,available,56,3%,10,Mathematics,,,
xxiv.press,available,56,5%,4,Mathematics,,,
fiftynine.press,available,56,4%,10,Mathematics,,,
xlii.press,available,56,5%,4,Mathematics,,,
admittable.press,available,56,1%,10,"Education,Healthcare,Hospitality",,,
appressed.press,available,56,0%,9,"Agriculture,Manufacturing,Retail",,,
fiftyfive.press,available,56,7%,10,Mathematics,,,
xxiii.press,available,56,5%,5,Mathematics,,,
thirtytwo.press,available,56,5%,10,Mathematics,,,
fortytwo.press,available,56,17%,9,Mathematics,,,
xxxvii.press,available,56,2%,6,Mathematics,,,
xlvii.press,available,56,2%,5,Mathematics,,,
xxix.press,available,56,4%,4,Mathematics,,,
halfdozen.press,available,56,1%,10,Mathematics,,,
terzetto.press,available,56,3%,8,Arts,,,
fortyone.press,available,56,4%,9,Mathematics,,,
triad.press,available,56,15%,5,Arts,,,
xlviii.press,available,56,1%,6,Mathematics,,,
lii.press,available,56,7%,3,Mathematics,,,
abdominous.press,available,56,0%,10,"Health and Fitness,Medicine",,,
fiftyone.press,available,56,7%,9,Mathematics,,,
potbellied.press,available,56,0%,10,"Health and Fitness,Medicine",,,
admittible.press,available,56,1%,10,"Education,Healthcare,Hospitality",,,
xli.press,available,56,5%,3,Mathematics,,,
admissive.press,available,56,1%,9,"Education,Healthcare,Hospitality",,,
accoutered.press,available,56,0%,10,"Fashion,Manufacturing,Retail",,,
xxxviii.press,available,56,1%,7,Mathematics,,,
fortysix.press,available,56,3%,9,Mathematics,,,
xxvii.press,available,56,3%,5,Mathematics,,,
xlv.press,available,56,6%,3,Mathematics,,,
fiftyfour.press,available,56,3%,10,Mathematics,,,
addled.press,available,56,2%,6,Entertainment,,,
xliv.press,available,56,2%,4,Mathematics,,,
lvi.press,available,56,8%,3,Mathematics,,,
xxxiv.press,available,56,1%,5,Mathematics,,,
topnotch.press,available,54,18%,8,Business,,,
accursed.press,available,54,3%,8,"Entertainment,Media,Religion",,,
adducent.press,available,54,1%,8,"Engineering,Mathematics,Science",,,
abaxial.press,available,54,1%,7,Science,,,
abatable.press,available,54,1%,8,Law,,,
achy.press,available,54,3%,4,Healthcare,,,
abient.press,available,54,1%,6,Science,,,
ternion.press,available,54,3%,7,Mathematics,,,
abducens.press,available,54,1%,8,Medicine,,,
adjuratory.press,available,54,0%,10,"Law,Politics,Religion",,,
abhorrent.press,available,54,1%,9,Humanities,,,
unnatural.press,available,54,4%,9,"Medicine,Science",,,
iii.press,available,54,24%,3,Mathematics,,,
aboral.press,available,54,2%,6,Science,,,
actuated.press,available,54,2%,8,"Automotive,Manufacturing,Technology",,,
adductive.press,available,54,0%,9,"Engineering,Mathematics,Science",,,
quatern.press,available,54,2%,7,Mathematics,,,
quintuplet.press,available,54,1%,10,"Healthcare,Medicine,Science",,,
abatic.press,available,54,1%,6,Science,,,
admonitory.press,available,54,0%,10,"Business,Education,Healthcare",,,
monitory.press,available,54,3%,8,"Business,Education,Healthcare",,,
achromatic.press,available,54,4%,10,Science,,,
quadruplet.press,available,54,1%,10,"Healthcare,Medicine,Science",,,
deuceace.press,available,54,2%,9,Sports,,,
adducting.press,available,54,1%,9,"Engineering,Mathematics,Science",,,
vii.press,available,54,13%,3,Mathematics,,,
accentual.press,available,54,3%,9,"Arts,Entertainment",,,
twoscore.press,available,54,2%,8,Mathematics,,,
scratchy.press,available,54,3%,8,Fashion,,,
abasic.press,available,54,1%,6,Science,,,
fortyfive.press,available,54,4%,10,Mathematics,,,
sise.press,available,54,5%,4,Mathematics,,,
threescore.press,available,54,1%,10,Mathematics,,,
deserted.press,available,54,3%,8,"Hospitality,Real Estate",,,
fin.press,available,54,30%,3,Finance,,,
adpressed.press,available,54,0%,9,"Agriculture,Manufacturing,Retail",,,
acoustical.press,available,54,4%,10,Science,,,
viii.press,available,54,6%,4,Mathematics,,,
adaxial.press,available,54,2%,7,Science,,,
quaternion.press,available,54,6%,10,Mathematics,,,
quaternity.press,available,54,4%,10,Mathematics,,,
sestet.press,available,53,1%,6,Arts,,,
septet.press,available,53,1%,6,General,,,
xxx.press,available,53,30%,3,"Arts,Entertainment,Media",,,
lxxii.press,available,52,1%,5,Mathematics,,,
lxiv.press,available,52,3%,4,Mathematics,,,
xcvi.press,available,52,2%,4,Mathematics,,,
sixtyfour.press,available,52,3%,10,Mathematics,,,
ninetytwo.press,available,52,4%,10,Mathematics,,,
lxxxiv.press,available,52,1%,6,Mathematics,,,
lxi.press,available,52,5%,3,Mathematics,,,
lxxv.press,available,52,1%,4,Mathematics,,,
sixtysix.press,available,52,4%,9,Mathematics,,,
lxxvi.press,available,52,1%,5,Mathematics,,,
xci.press,available,52,4%,3,Mathematics,,,
lxxvii.press,available,52,2%,6,Mathematics,,,
aboulic.press,available,52,1%,7,Medicine,,,
xcviii.press,available,52,1%,6,Mathematics,,,
lxxxii.press,available,52,1%,6,Mathematics,,,
lxxxvi.press,available,52,1%,6,Mathematics,,,
ixl.press,available,52,9%,3,Mathematics,,,
lxvii.press,available,52,1%,5,Mathematics,,,
lxxiii.press,available,52,1%,6,Mathematics,,,
lxxxv.press,available,52,1%,5,Mathematics,,,
uphill.press,available,52,7%,6,"Sports,Transportation,Travel",,,
eightytwo.press,available,52,4%,10,Mathematics,,,
lxviii.press,available,52,1%,6,Mathematics,,,
detestable.press,available,52,1%,10,Humanities,,,
sixtytwo.press,available,52,3%,9,Mathematics,,,
ixc.press,available,52,5%,3,Mathematics,,,
lxiii.press,available,52,2%,5,Mathematics,,,
lxxi.press,available,52,1%,4,Mathematics,,,
odious.press,available,52,2%,6,"Entertainment,Humanities",,,
xcvii.press,available,52,1%,5,Mathematics,,,
decumbent.press,available,52,1%,9,"Healthcare,Medicine,Science",,,
chagrined.press,available,52,1%,9,Humanities,,,
ablated.press,available,52,1%,7,Science,,,
sixtyfive.press,available,52,3%,10,Mathematics,,,
xciii.press,available,52,1%,5,Mathematics,,,
lxxxi.press,available,52,1%,5,Mathematics,,,
eightyone.press,available,52,3%,10,Mathematics,,,
littlejoe.press,available,52,2%,10,"Entertainment,Media",,,
abusive.press,available,52,3%,7,"Healthcare,Law",,,
xciv.press,available,52,2%,4,Mathematics,,,
lxvi.press,available,52,3%,4,Mathematics,,,
xcv.press,available,52,7%,3,Mathematics,,,
xcii.press,available,52,2%,4,Mathematics,,,
lxxxvii.press,available,52,1%,7,Mathematics,,,
lxii.press,available,52,1%,4,Mathematics,,,
abominable.press,available,52,2%,10,"Entertainment,Humanities",,,
ninetyone.press,available,52,5%,10,Mathematics,,,
lxxiv.press,available,52,1%,5,Mathematics,,,
repugnant.press,available,52,1%,9,Humanities,,,
tierce.press,available,52,3%,6,General,,,
abstruse.press,available,52,5%,8,"Humanities,Mathematics,Science",,,
lxv.press,available,52,5%,3,Mathematics,,,
repulsive.press,available,52,1%,9,Humanities,,,
lxxxiii.press,available,52,1%,7,Mathematics,,,
abysmal.press,available,52,4%,7,"Arts,Entertainment,Media",,,
ninetysix.press,available,52,4%,10,Mathematics,,,
adenoidal.press,available,52,1%,9,"Health and Fitness,Medicine,Science",,,
abomasal.press,available,50,0%,8,Agriculture,,,
aculeated.press,available,50,0%,9,"Engineering,Medicine,Science",,,
gillless.press,available,50,0%,9,Science,,,
adactylous.press,available,50,0%,10,Science,,,
abactinal.press,available,50,0%,9,Science,,,
spinous.press,available,50,1%,7,"Agriculture,Science",,,
triplet.press,available,50,8%,7,Science,,,
lxx.press,available,50,5%,3,Mathematics,,,
acapnotic.press,available,50,0%,9,"Healthcare,Medicine,Science",,,
trine.press,available,50,11%,5,"General,Religion",,,
cinque.press,available,50,7%,6,Mathematics,,,
abbatial.press,available,50,0%,8,Religion,,,
acetous.press,available,50,1%,7,Science,,,
abdicable.press,available,50,0%,9,Law,,,
acellular.press,available,50,1%,9,Science,,,
acerose.press,available,50,1%,7,Science,,,
scummy.press,available,50,1%,6,Humanities,,,
acapnic.press,available,50,0%,7,"Healthcare,Medicine,Science",,,
acerb.press,available,50,2%,5,Science,,,
aborticide.press,available,50,0%,10,Medicine,,,
needlelike.press,available,50,0%,10,"Engineering,Medicine,Science",,,
acquitted.press,available,50,1%,9,Law,,,
acerbic.press,available,50,2%,7,"Arts,Humanities,Media",,,
abducting.press,available,50,0%,9,Medicine,,,
adhominem.press,available,50,2%,10,"Humanities,Law,Politics",,,
abranchial.press,available,50,0%,10,Science,,,
vinegary.press,available,50,1%,8,Food and Beverage,,,
acetose.press,available,50,1%,7,Science,,,
quint.press,available,50,13%,5,"Arts,Entertainment",,,
ogdoad.press,available,50,1%,6,Mathematics,,,
acaudal.press,available,50,1%,7,"Agriculture,Science",,,
broached.press,available,50,0%,8,Food and Beverage,,,
abyssal.press,available,48,12%,7,"Arts,Entertainment,Media",,,
abstracted.press,available,48,5%,10,"Arts,Humanities,Science",,,
ilxxx.press,available,48,1%,5,Mathematics,,,
apriori.press,available,48,13%,8,Mathematics,,,
execrable.press,available,48,0%,9,"Entertainment,Humanities",,,
notguilty.press,available,48,5%,10,Law,,,
ilxx.press,available,48,1%,4,Mathematics,,,
lxxxviii.press,available,48,1%,8,Mathematics,,,
acanthotic.press,available,46,0%,10,"Agriculture,Science",,,
acheronian.press,available,46,1%,10,Humanities,,,
cotyloid.press,available,46,1%,8,Science,,,
acarpous.press,available,46,0%,8,"Agriculture,Science",,,
acetonic.press,available,46,1%,8,Science,,,
theabsurd.press,available,46,1%,10,"Arts,Entertainment,Media",,,
acaudate.press,available,46,1%,8,"Agriculture,Science",,,
acephalous.press,available,46,1%,10,Science,,,
achromic.press,available,46,2%,8,Science,,,
acetylenic.press,available,46,1%,10,Science,,,
quaternary.press,available,46,3%,10,Mathematics,,,
acanthous.press,available,46,0%,9,"Agriculture,Science",,,
achenial.press,available,46,1%,8,Science,,,
achromous.press,available,46,1%,9,Science,,,
stripling.press,available,46,2%,9,"Education,Entertainment,Healthcare",,,
acanthoid.press,available,46,1%,9,"Agriculture,Science",,,
acicular.press,available,46,2%,8,Science,,,
acetabular.press,available,46,1%,10,Science,,,
acapnial.press,available,46,0%,8,"Healthcare,Medicine,Science",,,
acetylic.press,available,46,1%,8,Science,,,
stemless.press,available,46,2%,8,"Agriculture,Science",,,
acarpelous.press,available,46,0%,10,"Agriculture,Science",,,
vinegarish.press,available,46,1%,10,Food and Beverage,,,
cotyloidal.press,available,44,1%,10,Science,,,
accusatory.press,available,44,1%,10,Law,,,
acherontic.press,available,44,1%,10,Humanities,,,
abscessed.press,available,41,0%,9,Healthcare,,,
phoebe.press,available,41,14%,6,Science,,,
accusive.press,available,40,1%,8,Law,,,
scurrilous.press,available,40,1%,10,"Entertainment,Media,Politics",,,
accurst.press,available,40,1%,7,Religion,,,